step,ns_queue,ew_queue,active_phase,vehicles_in_simulation,total_waiting_time,completed_vehicles
0,0,0,NS_GREEN,4,0.0,0
1,0,0,NS_GREEN,4,0.0,0
2,0,0,NS_GREEN,4,0.0,0
3,0,0,NS_GREEN,4,0.0,0
4,0,0,NS_GREEN,4,0.0,0
5,0,2,NS_GREEN,4,2.0,0
6,0,2,NS_GREEN,2,4.0,2
7,0,2,NS_GREEN,2,6.0,0
8,0,2,NS_GREEN,2,8.0,0
9,0,2,NS_GREEN,2,10.0,0
10,0,2,NS_GREEN,2,12.0,0
11,0,2,NS_GREEN,2,14.0,0
12,0,2,NS_GREEN,2,16.0,0
13,0,2,NS_GREEN,2,18.0,0
14,0,2,NS_GREEN,2,20.0,0
15,0,2,NS_GREEN,2,22.0,0
16,0,2,NS_GREEN,2,24.0,0
17,0,2,NS_GREEN,2,26.0,0
18,0,2,NS_GREEN,2,28.0,0
19,0,2,NS_GREEN,2,30.0,0
20,0,2,NS_GREEN,2,32.0,0
21,0,2,NS_GREEN,2,34.0,0
22,0,2,NS_GREEN,2,36.0,0
23,0,2,NS_GREEN,2,38.0,0
24,0,2,NS_GREEN,2,40.0,0
25,0,2,NS_GREEN,2,42.0,0
26,0,2,NS_GREEN,2,44.0,0
27,0,2,NS_GREEN,2,46.0,0
28,0,2,NS_GREEN,2,48.0,0
29,0,2,NS_GREEN,2,50.0,0
30,0,2,EW_GREEN,2,52.0,0
31,0,0,EW_GREEN,2,0.0,0
32,0,0,EW_GREEN,2,0.0,0
33,0,0,EW_GREEN,2,0.0,0
34,0,0,EW_GREEN,6,0.0,0
35,0,0,EW_GREEN,6,0.0,0
36,0,0,EW_GREEN,6,0.0,0
37,0,0,EW_GREEN,6,0.0,0
38,2,0,EW_GREEN,6,2.0,0
39,2,0,EW_GREEN,6,4.0,0
40,2,0,EW_GREEN,6,6.0,0
41,2,0,EW_GREEN,4,8.0,2
42,2,0,EW_GREEN,4,10.0,0
43,2,0,EW_GREEN,2,12.0,2
44,2,0,EW_GREEN,2,14.0,0
45,2,0,EW_GREEN,2,16.0,0
46,2,0,EW_GREEN,2,18.0,0
47,2,0,EW_GREEN,2,20.0,0
48,2,0,EW_GREEN,2,22.0,0
49,2,0,EW_GREEN,2,24.0,0
50,2,0,EW_GREEN,2,26.0,0
51,2,0,EW_GREEN,2,28.0,0
52,2,0,EW_GREEN,2,30.0,0
53,2,0,EW_GREEN,2,32.0,0
54,2,0,EW_GREEN,2,34.0,0
55,2,0,EW_GREEN,2,36.0,0
56,2,0,EW_GREEN,2,38.0,0
57,2,0,EW_GREEN,2,40.0,0
58,2,0,EW_GREEN,2,42.0,0
59,2,0,EW_GREEN,2,44.0,0
60,2,0,NS_GREEN,2,46.0,0
61,0,0,NS_GREEN,2,0.0,0
62,0,0,NS_GREEN,2,0.0,0
63,0,0,NS_GREEN,2,0.0,0
64,0,0,NS_GREEN,2,0.0,0
65,0,0,NS_GREEN,2,0.0,0
66,0,0,NS_GREEN,2,0.0,0
67,0,0,NS_GREEN,6,0.0,0
68,0,0,NS_GREEN,6,0.0,0
69,0,0,NS_GREEN,6,0.0,0
70,0,0,NS_GREEN,5,0.0,1
71,0,0,NS_GREEN,4,0.0,1
72,0,1,NS_GREEN,4,1.0,0
73,0,2,NS_GREEN,4,3.0,0
74,0,2,NS_GREEN,2,5.0,2
75,0,2,NS_GREEN,2,7.0,0
76,0,2,NS_GREEN,2,9.0,0
77,0,2,NS_GREEN,2,11.0,0
78,0,2,NS_GREEN,2,13.0,0
79,0,2,NS_GREEN,2,15.0,0
80,0,2,NS_GREEN,2,17.0,0
81,0,2,NS_GREEN,2,19.0,0
82,0,2,NS_GREEN,2,21.0,0
83,0,2,NS_GREEN,2,23.0,0
84,0,2,NS_GREEN,2,25.0,0
85,0,2,NS_GREEN,2,27.0,0
86,0,2,NS_GREEN,2,29.0,0
87,0,2,NS_GREEN,2,31.0,0
88,0,2,NS_GREEN,2,33.0,0
89,0,2,NS_GREEN,2,35.0,0
90,0,2,EW_GREEN,2,37.0,0
91,0,0,EW_GREEN,2,0.0,0
92,0,0,EW_GREEN,2,0.0,0
93,0,0,EW_GREEN,2,0.0,0
94,0,0,EW_GREEN,2,0.0,0
95,0,0,EW_GREEN,2,0.0,0
96,0,0,EW_GREEN,2,0.0,0
97,0,0,EW_GREEN,2,0.0,0
98,0,0,EW_GREEN,2,0.0,0
99,0,0,EW_GREEN,2,0.0,0
100,0,0,EW_GREEN,6,0.0,0
101,0,0,EW_GREEN,4,0.0,2
102,0,0,EW_GREEN,4,0.0,0
103,0,0,EW_GREEN,4,0.0,0
104,0,0,EW_GREEN,4,0.0,0
105,2,0,EW_GREEN,4,2.0,0
106,2,0,EW_GREEN,4,4.0,0
107,2,0,EW_GREEN,2,6.0,2
108,2,0,EW_GREEN,2,8.0,0
109,2,0,EW_GREEN,2,10.0,0
110,2,0,EW_GREEN,2,12.0,0
111,2,0,EW_GREEN,2,14.0,0
112,2,0,EW_GREEN,2,16.0,0
113,2,0,EW_GREEN,2,18.0,0
114,2,0,EW_GREEN,2,20.0,0
115,2,0,EW_GREEN,2,22.0,0
116,2,0,EW_GREEN,2,24.0,0
117,2,0,EW_GREEN,2,26.0,0
118,2,0,EW_GREEN,2,28.0,0
119,2,0,EW_GREEN,2,30.0,0
120,2,0,NS_GREEN,2,32.0,0
121,0,0,NS_GREEN,2,0.0,0
122,0,0,NS_GREEN,2,0.0,0
123,0,0,NS_GREEN,2,0.0,0
124,0,0,NS_GREEN,2,0.0,0
125,0,0,NS_GREEN,2,0.0,0
126,0,0,NS_GREEN,2,0.0,0
127,0,0,NS_GREEN,2,0.0,0
128,0,0,NS_GREEN,2,0.0,0
129,0,0,NS_GREEN,2,0.0,0
130,0,0,NS_GREEN,0,0,2
131,0,0,NS_GREEN,0,0,0
132,0,0,NS_GREEN,0,0,0
133,0,0,NS_GREEN,0,0,0
134,0,0,NS_GREEN,4,0.0,0
135,0,0,NS_GREEN,4,0.0,0
136,0,0,NS_GREEN,4,0.0,0
137,0,0,NS_GREEN,4,0.0,0
138,0,1,NS_GREEN,4,1.0,0
139,0,2,NS_GREEN,4,3.0,0
140,0,2,NS_GREEN,3,5.0,1
141,0,2,NS_GREEN,2,7.0,1
142,0,2,NS_GREEN,2,9.0,0
143,0,2,NS_GREEN,2,11.0,0
144,0,2,NS_GREEN,2,13.0,0
145,0,2,NS_GREEN,2,15.0,0
146,0,2,NS_GREEN,2,17.0,0
147,0,2,NS_GREEN,2,19.0,0
148,0,2,NS_GREEN,2,21.0,0
149,0,2,NS_GREEN,2,23.0,0
150,0,2,EW_GREEN,2,25.0,0
151,0,0,EW_GREEN,2,0.0,0
152,0,0,EW_GREEN,2,0.0,0
153,0,0,EW_GREEN,2,0.0,0
154,0,0,EW_GREEN,2,0.0,0
155,0,0,EW_GREEN,2,0.0,0
156,0,0,EW_GREEN,2,0.0,0
157,0,0,EW_GREEN,2,0.0,0
158,0,0,EW_GREEN,2,0.0,0
159,0,0,EW_GREEN,2,0.0,0
160,0,0,EW_GREEN,1,0.0,1
161,0,0,EW_GREEN,0,0,1
162,0,0,EW_GREEN,0,0,0
163,0,0,EW_GREEN,0,0,0
164,0,0,EW_GREEN,0,0,0
165,0,0,EW_GREEN,0,0,0
166,0,0,EW_GREEN,0,0,0
167,0,0,EW_GREEN,4,0.0,0
168,0,0,EW_GREEN,4,0.0,0
169,0,0,EW_GREEN,4,0.0,0
170,0,0,EW_GREEN,4,0.0,0
171,0,0,EW_GREEN,4,0.0,0
172,2,0,EW_GREEN,4,2.0,0
173,2,0,EW_GREEN,4,4.0,0
174,2,0,EW_GREEN,2,6.0,2
175,2,0,EW_GREEN,2,8.0,0
176,2,0,EW_GREEN,2,10.0,0
177,2,0,EW_GREEN,2,12.0,0
178,2,0,EW_GREEN,2,14.0,0
179,2,0,EW_GREEN,2,16.0,0
180,2,0,NS_GREEN,2,18.0,0
181,0,0,NS_GREEN,2,0.0,0
182,0,0,NS_GREEN,2,0.0,0
183,0,0,NS_GREEN,2,0.0,0
184,0,0,NS_GREEN,2,0.0,0
185,0,0,NS_GREEN,2,0.0,0
186,0,0,NS_GREEN,2,0.0,0
187,0,0,NS_GREEN,2,0.0,0
188,0,0,NS_GREEN,2,0.0,0
189,0,0,NS_GREEN,2,0.0,0
190,0,0,NS_GREEN,1,0.0,1
191,0,0,NS_GREEN,0,0,1
192,0,0,NS_GREEN,0,0,0
193,0,0,NS_GREEN,0,0,0
194,0,0,NS_GREEN,0,0,0
195,0,0,NS_GREEN,0,0,0
196,0,0,NS_GREEN,0,0,0
197,0,0,NS_GREEN,0,0,0
198,0,0,NS_GREEN,0,0,0
199,0,0,NS_GREEN,0,0,0
200,0,0,NS_GREEN,4,0.0,0
201,0,0,NS_GREEN,4,0.0,0
202,0,0,NS_GREEN,4,0.0,0
203,0,0,NS_GREEN,4,0.0,0
204,0,0,NS_GREEN,4,0.0,0
205,0,1,NS_GREEN,4,1.0,0
206,0,2,NS_GREEN,3,3.0,1
207,0,2,NS_GREEN,2,5.0,1
208,0,2,NS_GREEN,2,7.0,0
209,0,2,NS_GREEN,2,9.0,0
210,0,2,EW_GREEN,2,11.0,0
211,0,0,EW_GREEN,2,0.0,0
212,0,0,EW_GREEN,2,0.0,0
213,0,0,EW_GREEN,2,0.0,0
214,0,0,EW_GREEN,2,0.0,0
215,0,0,EW_GREEN,2,0.0,0
216,0,0,EW_GREEN,2,0.0,0
217,0,0,EW_GREEN,2,0.0,0
218,0,0,EW_GREEN,2,0.0,0
219,0,0,EW_GREEN,2,0.0,0
220,0,0,EW_GREEN,2,0.0,0
221,0,0,EW_GREEN,0,0,2
222,0,0,EW_GREEN,0,0,0
223,0,0,EW_GREEN,0,0,0
224,0,0,EW_GREEN,0,0,0
225,0,0,EW_GREEN,0,0,0
226,0,0,EW_GREEN,0,0,0
227,0,0,EW_GREEN,0,0,0
228,0,0,EW_GREEN,0,0,0
229,0,0,EW_GREEN,0,0,0
230,0,0,EW_GREEN,0,0,0
231,0,0,EW_GREEN,0,0,0
232,0,0,EW_GREEN,0,0,0
233,0,0,EW_GREEN,0,0,0
234,0,0,EW_GREEN,4,0.0,0
235,0,0,EW_GREEN,4,0.0,0
236,0,0,EW_GREEN,4,0.0,0
237,0,0,EW_GREEN,4,0.0,0
238,1,0,EW_GREEN,4,1.0,0
239,2,0,EW_GREEN,4,3.0,0
240,2,0,NS_GREEN,4,5.0,0
241,0,0,NS_GREEN,2,0.0,2
242,0,0,NS_GREEN,2,0.0,0
243,0,0,NS_GREEN,2,0.0,0
244,0,0,NS_GREEN,2,0.0,0
245,0,0,NS_GREEN,2,0.0,0
246,0,0,NS_GREEN,2,0.0,0
247,0,0,NS_GREEN,2,0.0,0
248,0,0,NS_GREEN,2,0.0,0
249,0,0,NS_GREEN,2,0.0,0
250,0,0,NS_GREEN,0,0,2
251,0,0,NS_GREEN,0,0,0
252,0,0,NS_GREEN,0,0,0
253,0,0,NS_GREEN,0,0,0
254,0,0,NS_GREEN,0,0,0
255,0,0,NS_GREEN,0,0,0
256,0,0,NS_GREEN,0,0,0
257,0,0,NS_GREEN,0,0,0
258,0,0,NS_GREEN,0,0,0
259,0,0,NS_GREEN,0,0,0
260,0,0,NS_GREEN,0,0,0
261,0,0,NS_GREEN,0,0,0
262,0,0,NS_GREEN,0,0,0
263,0,0,NS_GREEN,0,0,0
264,0,0,NS_GREEN,0,0,0
265,0,0,NS_GREEN,0,0,0
266,0,0,NS_GREEN,0,0,0
267,0,0,NS_GREEN,4,0.0,0
268,0,0,NS_GREEN,4,0.0,0
269,0,0,NS_GREEN,4,0.0,0
270,0,0,EW_GREEN,4,0.0,0
271,0,0,EW_GREEN,4,0.0,0
272,0,0,EW_GREEN,4,0.0,0
273,0,0,EW_GREEN,3,0.0,1
274,0,0,EW_GREEN,2,0.0,1
275,0,0,EW_GREEN,2,0.0,0
276,0,0,EW_GREEN,2,0.0,0
277,0,0,EW_GREEN,2,0.0,0
278,0,0,EW_GREEN,1,0.0,1
279,0,0,EW_GREEN,0,0,1
280,0,0,EW_GREEN,0,0,0
281,0,0,EW_GREEN,0,0,0
282,0,0,EW_GREEN,0,0,0
283,0,0,EW_GREEN,0,0,0
284,0,0,EW_GREEN,0,0,0
285,0,0,EW_GREEN,0,0,0
286,0,0,EW_GREEN,0,0,0
287,0,0,EW_GREEN,0,0,0
288,0,0,EW_GREEN,0,0,0
289,0,0,EW_GREEN,0,0,0
290,0,0,EW_GREEN,0,0,0
291,0,0,EW_GREEN,0,0,0
292,0,0,EW_GREEN,0,0,0
293,0,0,EW_GREEN,0,0,0
294,0,0,EW_GREEN,0,0,0
295,0,0,EW_GREEN,0,0,0
296,0,0,EW_GREEN,0,0,0
297,0,0,EW_GREEN,0,0,0
298,0,0,EW_GREEN,0,0,0
299,0,0,EW_GREEN,0,0,0
300,0,0,NS_GREEN,4,0.0,0
301,0,0,NS_GREEN,4,0.0,0
302,0,0,NS_GREEN,4,0.0,0
303,0,0,NS_GREEN,4,0.0,0
304,0,1,NS_GREEN,4,1.0,0
305,0,1,NS_GREEN,4,2.0,0
306,0,2,NS_GREEN,4,4.0,0
307,0,2,NS_GREEN,2,6.0,2
308,0,2,NS_GREEN,2,8.0,0
309,0,2,NS_GREEN,2,10.0,0
310,0,2,NS_GREEN,2,12.0,0
311,0,2,NS_GREEN,2,14.0,0
312,0,2,NS_GREEN,2,16.0,0
313,0,2,NS_GREEN,2,18.0,0
314,0,2,NS_GREEN,2,20.0,0
315,0,2,NS_GREEN,2,22.0,0
316,0,2,NS_GREEN,2,24.0,0
317,0,2,NS_GREEN,2,26.0,0
318,0,2,NS_GREEN,2,28.0,0
319,0,2,NS_GREEN,2,30.0,0
320,0,2,NS_GREEN,2,32.0,0
321,0,2,NS_GREEN,2,34.0,0
322,0,2,NS_GREEN,2,36.0,0
323,0,2,NS_GREEN,2,38.0,0
324,0,2,NS_GREEN,2,40.0,0
325,0,2,NS_GREEN,2,42.0,0
326,0,2,NS_GREEN,2,44.0,0
327,0,2,NS_GREEN,2,46.0,0
328,0,2,NS_GREEN,2,48.0,0
329,0,2,NS_GREEN,2,50.0,0
330,0,2,EW_GREEN,2,52.0,0
331,0,0,EW_GREEN,2,0.0,0
332,0,0,EW_GREEN,2,0.0,0
333,0,0,EW_GREEN,2,0.0,0
334,0,0,EW_GREEN,6,0.0,0
335,0,0,EW_GREEN,6,0.0,0
336,0,0,EW_GREEN,6,0.0,0
337,0,0,EW_GREEN,6,0.0,0
338,2,0,EW_GREEN,6,2.0,0
339,2,0,EW_GREEN,6,4.0,0
340,2,0,EW_GREEN,6,6.0,0
341,2,0,EW_GREEN,5,8.0,1
342,2,0,EW_GREEN,4,10.0,1
343,2,0,EW_GREEN,3,12.0,1
344,2,0,EW_GREEN,2,14.0,1
345,2,0,EW_GREEN,2,16.0,0
346,2,0,EW_GREEN,2,18.0,0
347,2,0,EW_GREEN,2,20.0,0
348,2,0,EW_GREEN,2,22.0,0
349,2,0,EW_GREEN,2,24.0,0
350,2,0,EW_GREEN,2,26.0,0
351,2,0,EW_GREEN,2,28.0,0
352,2,0,EW_GREEN,2,30.0,0
353,2,0,EW_GREEN,2,32.0,0
354,2,0,EW_GREEN,2,34.0,0
355,2,0,EW_GREEN,2,36.0,0
356,2,0,EW_GREEN,2,38.0,0
357,2,0,EW_GREEN,2,40.0,0
358,2,0,EW_GREEN,2,42.0,0
359,2,0,EW_GREEN,2,44.0,0
360,2,0,NS_GREEN,2,46.0,0
361,0,0,NS_GREEN,2,0.0,0
362,0,0,NS_GREEN,2,0.0,0
363,0,0,NS_GREEN,2,0.0,0
364,0,0,NS_GREEN,2,0.0,0
365,0,0,NS_GREEN,2,0.0,0
366,0,0,NS_GREEN,2,0.0,0
367,0,0,NS_GREEN,6,0.0,0
368,0,0,NS_GREEN,6,0.0,0
369,0,0,NS_GREEN,6,0.0,0
370,0,0,NS_GREEN,4,0.0,2
371,0,1,NS_GREEN,4,1.0,0
372,0,1,NS_GREEN,4,2.0,0
373,0,2,NS_GREEN,2,4.0,2
374,0,2,NS_GREEN,2,6.0,0
375,0,2,NS_GREEN,2,8.0,0
376,0,2,NS_GREEN,2,10.0,0
377,0,2,NS_GREEN,2,12.0,0
378,0,2,NS_GREEN,2,14.0,0
379,0,2,NS_GREEN,2,16.0,0
380,0,2,NS_GREEN,2,18.0,0
381,0,2,NS_GREEN,2,20.0,0
382,0,2,NS_GREEN,2,22.0,0
383,0,2,NS_GREEN,2,24.0,0
384,0,2,NS_GREEN,2,26.0,0
385,0,2,NS_GREEN,2,28.0,0
386,0,2,NS_GREEN,2,30.0,0
387,0,2,NS_GREEN,2,32.0,0
388,0,2,NS_GREEN,2,34.0,0
389,0,2,NS_GREEN,2,36.0,0
390,0,2,EW_GREEN,2,38.0,0
391,0,0,EW_GREEN,2,0.0,0
392,0,0,EW_GREEN,2,0.0,0
393,0,0,EW_GREEN,2,0.0,0
394,0,0,EW_GREEN,2,0.0,0
395,0,0,EW_GREEN,2,0.0,0
396,0,0,EW_GREEN,2,0.0,0
397,0,0,EW_GREEN,2,0.0,0
398,0,0,EW_GREEN,2,0.0,0
399,0,0,EW_GREEN,2,0.0,0
400,0,0,EW_GREEN,6,0.0,0
401,0,0,EW_GREEN,4,0.0,2
402,0,0,EW_GREEN,4,0.0,0
403,0,0,EW_GREEN,4,0.0,0
404,0,0,EW_GREEN,4,0.0,0
405,2,0,EW_GREEN,4,2.0,0
406,2,0,EW_GREEN,4,4.0,0
407,2,0,EW_GREEN,2,6.0,2
408,2,0,EW_GREEN,2,8.0,0
409,2,0,EW_GREEN,2,10.0,0
410,2,0,EW_GREEN,2,12.0,0
411,2,0,EW_GREEN,2,14.0,0
412,2,0,EW_GREEN,2,16.0,0
413,2,0,EW_GREEN,2,18.0,0
414,2,0,EW_GREEN,2,20.0,0
415,2,0,EW_GREEN,2,22.0,0
416,2,0,EW_GREEN,2,24.0,0
417,2,0,EW_GREEN,2,26.0,0
418,2,0,EW_GREEN,2,28.0,0
419,2,0,EW_GREEN,2,30.0,0
420,2,0,NS_GREEN,2,32.0,0
421,0,0,NS_GREEN,2,0.0,0
422,0,0,NS_GREEN,2,0.0,0
423,0,0,NS_GREEN,2,0.0,0
424,0,0,NS_GREEN,2,0.0,0
425,0,0,NS_GREEN,2,0.0,0
426,0,0,NS_GREEN,2,0.0,0
427,0,0,NS_GREEN,2,0.0,0
428,0,0,NS_GREEN,2,0.0,0
429,0,0,NS_GREEN,2,0.0,0
430,0,0,NS_GREEN,1,0.0,1
431,0,0,NS_GREEN,0,0,1
432,0,0,NS_GREEN,0,0,0
433,0,0,NS_GREEN,0,0,0
434,0,0,NS_GREEN,4,0.0,0
435,0,0,NS_GREEN,4,0.0,0
436,0,0,NS_GREEN,4,0.0,0
437,0,0,NS_GREEN,4,0.0,0
438,0,1,NS_GREEN,4,1.0,0
439,0,1,NS_GREEN,4,2.0,0
440,0,2,NS_GREEN,3,4.0,1
441,0,2,NS_GREEN,2,6.0,1
442,0,2,NS_GREEN,2,8.0,0
443,0,2,NS_GREEN,2,10.0,0
444,0,2,NS_GREEN,2,12.0,0
445,0,2,NS_GREEN,2,14.0,0
446,0,2,NS_GREEN,2,16.0,0
447,0,2,NS_GREEN,2,18.0,0
448,0,2,NS_GREEN,2,20.0,0
449,0,2,NS_GREEN,2,22.0,0
450,0,2,EW_GREEN,2,24.0,0
451,0,0,EW_GREEN,2,0.0,0
452,0,0,EW_GREEN,2,0.0,0
453,0,0,EW_GREEN,2,0.0,0
454,0,0,EW_GREEN,2,0.0,0
455,0,0,EW_GREEN,2,0.0,0
456,0,0,EW_GREEN,2,0.0,0
457,0,0,EW_GREEN,2,0.0,0
458,0,0,EW_GREEN,2,0.0,0
459,0,0,EW_GREEN,2,0.0,0
460,0,0,EW_GREEN,1,0.0,1
461,0,0,EW_GREEN,0,0,1
462,0,0,EW_GREEN,0,0,0
463,0,0,EW_GREEN,0,0,0
464,0,0,EW_GREEN,0,0,0
465,0,0,EW_GREEN,0,0,0
466,0,0,EW_GREEN,0,0,0
467,0,0,EW_GREEN,4,0.0,0
468,0,0,EW_GREEN,4,0.0,0
469,0,0,EW_GREEN,4,0.0,0
470,0,0,EW_GREEN,4,0.0,0
471,1,0,EW_GREEN,4,1.0,0
472,2,0,EW_GREEN,4,3.0,0
473,2,0,EW_GREEN,4,5.0,0
474,2,0,EW_GREEN,2,7.0,2
475,2,0,EW_GREEN,2,9.0,0
476,2,0,EW_GREEN,2,11.0,0
477,2,0,EW_GREEN,2,13.0,0
478,2,0,EW_GREEN,2,15.0,0
479,2,0,EW_GREEN,2,17.0,0
480,2,0,NS_GREEN,2,19.0,0
481,0,0,NS_GREEN,2,0.0,0
482,0,0,NS_GREEN,2,0.0,0
483,0,0,NS_GREEN,2,0.0,0
484,0,0,NS_GREEN,2,0.0,0
485,0,0,NS_GREEN,2,0.0,0
486,0,0,NS_GREEN,2,0.0,0
487,0,0,NS_GREEN,2,0.0,0
488,0,0,NS_GREEN,2,0.0,0
489,0,0,NS_GREEN,2,0.0,0
490,0,0,NS_GREEN,1,0.0,1
491,0,0,NS_GREEN,0,0,1
492,0,0,NS_GREEN,0,0,0
493,0,0,NS_GREEN,0,0,0
494,0,0,NS_GREEN,0,0,0
495,0,0,NS_GREEN,0,0,0
496,0,0,NS_GREEN,0,0,0
497,0,0,NS_GREEN,0,0,0
498,0,0,NS_GREEN,0,0,0
499,0,0,NS_GREEN,0,0,0
